Position1	Position2	Count	ProbTop	Contacts	ProbContact
27.0	73.0	8	1.0	8.0	1.0
27.0	58.0	8	1.0	8.0	1.0
23.0	54.0	8	1.0	8.0	1.0
25.0	73.0	8	1.0	8.0	1.0
51.0	101.0	8	1.0	8.0	1.0
43.0	97.0	8	1.0	8.0	1.0
43.0	101.0	8	1.0	8.0	1.0
68.0	79.0	8	1.0	8.0	1.0
22.0	101.0	8	1.0	8.0	1.0
21.0	54.0	8	1.0	8.0	1.0
42.0	94.0	8	1.0	8.0	1.0
24.0	55.0	8	1.0	8.0	1.0
40.0	97.0	8	1.0	8.0	1.0
10.0	68.0	8	1.0	8.0	1.0
46.0	98.0	8	1.0	7.0	0.875
43.0	51.0	8	1.0	7.0	0.875
68.0	77.0	8	1.0	7.0	0.875
46.0	94.0	8	1.0	7.0	0.875
24.0	74.0	8	1.0	7.0	0.875
25.0	68.0	8	1.0	6.0	0.75
23.0	51.0	8	1.0	0.0	0.0
43.0	58.0	8	1.0	0.0	0.0
43.0	68.0	8	1.0	0.0	0.0
68.0	73.0	8	1.0	0.0	0.0
22.0	73.0	8	1.0	0.0	0.0
68.0	97.0	8	1.0	0.0	0.0
68.0	78.0	8	1.0	0.0	0.0
5.0	68.0	8	1.0	0.0	0.0
40.0	73.0	8	1.0	0.0	0.0
23.0	68.0	8	1.0	0.0	0.0
23.0	73.0	8	1.0	0.0	0.0
36.0	73.0	8	1.0	0.0	0.0
23.0	97.0	8	1.0	0.0	0.0
36.0	68.0	8	1.0	0.0	0.0
51.0	73.0	8	1.0	0.0	0.0
23.0	79.0	7	0.875	8.0	1.0
10.0	23.0	7	0.875	8.0	1.0
25.0	58.0	7	0.875	8.0	1.0
14.0	23.0	7	0.875	8.0	1.0
22.0	51.0	7	0.875	8.0	1.0
75.0	89.0	7	0.875	8.0	1.0
5.0	54.0	7	0.875	8.0	1.0
3.0	54.0	7	0.875	8.0	1.0
22.0	40.0	7	0.875	7.0	0.875
43.0	53.0	7	0.875	7.0	0.875
11.0	16.0	7	0.875	7.0	0.875
22.0	53.0	7	0.875	7.0	0.875
18.0	81.0	7	0.875	6.0	0.75
22.0	97.0	7	0.875	6.0	0.75
23.0	56.0	7	0.875	5.0	0.625
68.0	76.0	7	0.875	0.0	0.0
10.0	73.0	7	0.875	0.0	0.0
56.0	68.0	7	0.875	0.0	0.0
23.0	36.0	7	0.875	0.0	0.0
23.0	70.0	7	0.875	0.0	0.0
23.0	43.0	7	0.875	0.0	0.0
51.0	68.0	7	0.875	0.0	0.0
58.0	68.0	7	0.875	0.0	0.0
25.0	51.0	7	0.875	0.0	0.0
53.0	68.0	7	0.875	0.0	0.0
73.0	79.0	7	0.875	0.0	0.0
40.0	51.0	7	0.875	0.0	0.0
21.0	68.0	7	0.875	0.0	0.0
36.0	54.0	7	0.875	0.0	0.0
40.0	68.0	7	0.875	0.0	0.0
54.0	68.0	7	0.875	0.0	0.0
73.0	97.0	7	0.875	0.0	0.0
22.0	43.0	7	0.875	0.0	0.0
14.0	68.0	7	0.875	0.0	0.0
43.0	73.0	7	0.875	0.0	0.0
22.0	68.0	7	0.875	0.0	0.0
14.0	73.0	7	0.875	0.0	0.0
68.0	101.0	7	0.875	0.0	0.0
68.0	100.0	7	0.875	0.0	0.0
15.0	68.0	6	0.75	8.0	1.0
14.0	21.0	6	0.75	8.0	1.0
58.0	73.0	6	0.75	8.0	1.0
1.0	48.0	6	0.75	8.0	1.0
40.0	53.0	6	0.75	8.0	1.0
5.0	23.0	6	0.75	8.0	1.0
2.0	54.0	6	0.75	7.0	0.875
1.0	45.0	6	0.75	7.0	0.875
68.0	84.0	6	0.75	6.0	0.75
23.0	77.0	6	0.75	3.0	0.375
21.0	51.0	6	0.75	3.0	0.375
28.0	59.0	6	0.75	2.0	0.25
54.0	73.0	6	0.75	0.0	0.0
54.0	70.0	6	0.75	0.0	0.0
23.0	40.0	6	0.75	0.0	0.0
54.0	79.0	6	0.75	0.0	0.0
14.0	97.0	6	0.75	0.0	0.0
22.0	36.0	6	0.75	0.0	0.0
14.0	54.0	6	0.75	0.0	0.0
27.0	68.0	6	0.75	0.0	0.0
39.0	68.0	6	0.75	0.0	0.0
73.0	101.0	6	0.75	0.0	0.0
43.0	54.0	6	0.75	0.0	0.0
43.0	56.0	6	0.75	0.0	0.0
68.0	98.0	6	0.75	0.0	0.0
43.0	79.0	6	0.75	0.0	0.0
68.0	94.0	6	0.75	0.0	0.0
56.0	73.0	6	0.75	0.0	0.0
23.0	101.0	6	0.75	0.0	0.0
47.0	68.0	6	0.75	0.0	0.0
25.0	54.0	6	0.75	0.0	0.0
25.0	43.0	6	0.75	0.0	0.0
25.0	56.0	5	0.625	8.0	1.0
25.0	70.0	5	0.625	8.0	1.0
25.0	77.0	5	0.625	8.0	1.0
51.0	78.0	5	0.625	8.0	1.0
6.0	61.0	5	0.625	8.0	1.0
14.0	79.0	5	0.625	8.0	1.0
21.0	79.0	5	0.625	7.0	0.875
7.0	67.0	5	0.625	2.0	0.25
27.0	53.0	5	0.625	0.0	0.0
21.0	101.0	5	0.625	0.0	0.0
51.0	70.0	5	0.625	0.0	0.0
40.0	54.0	5	0.625	0.0	0.0
21.0	73.0	5	0.625	0.0	0.0
21.0	97.0	5	0.625	0.0	0.0
36.0	43.0	5	0.625	0.0	0.0
33.0	68.0	5	0.625	0.0	0.0
40.0	101.0	5	0.625	0.0	0.0
25.0	40.0	5	0.625	0.0	0.0
25.0	36.0	5	0.625	0.0	0.0
25.0	97.0	5	0.625	0.0	0.0
30.0	68.0	5	0.625	0.0	0.0
21.0	43.0	5	0.625	0.0	0.0
43.0	70.0	5	0.625	0.0	0.0
22.0	54.0	5	0.625	0.0	0.0
51.0	77.0	5	0.625	0.0	0.0
53.0	73.0	5	0.625	0.0	0.0
36.0	101.0	5	0.625	0.0	0.0
21.0	40.0	5	0.625	0.0	0.0
54.0	77.0	5	0.625	0.0	0.0
14.0	43.0	5	0.625	0.0	0.0
14.0	40.0	5	0.625	0.0	0.0
54.0	97.0	5	0.625	0.0	0.0
10.0	101.0	5	0.625	0.0	0.0
56.0	97.0	5	0.625	0.0	0.0
54.0	101.0	5	0.625	0.0	0.0
54.0	78.0	5	0.625	0.0	0.0
10.0	54.0	5	0.625	0.0	0.0
79.0	97.0	5	0.625	0.0	0.0
21.0	36.0	5	0.625	0.0	0.0
54.0	76.0	5	0.625	0.0	0.0
10.0	79.0	4	0.5	8.0	1.0
20.0	78.0	4	0.5	8.0	1.0
7.0	61.0	4	0.5	8.0	1.0
22.0	78.0	4	0.5	8.0	1.0
2.0	44.0	4	0.5	7.0	0.875
74.0	91.0	4	0.5	7.0	0.875
58.0	70.0	4	0.5	1.0	0.125
28.0	57.0	4	0.5	1.0	0.125
5.0	73.0	4	0.5	0.0	0.0
26.0	68.0	4	0.5	0.0	0.0
25.0	79.0	4	0.5	0.0	0.0
25.0	101.0	4	0.5	0.0	0.0
51.0	97.0	4	0.5	0.0	0.0
27.0	79.0	4	0.5	0.0	0.0
14.0	25.0	4	0.5	0.0	0.0
14.0	22.0	4	0.5	0.0	0.0
23.0	58.0	4	0.5	0.0	0.0
58.0	101.0	4	0.5	0.0	0.0
10.0	97.0	4	0.5	0.0	0.0
5.0	27.0	4	0.5	0.0	0.0
58.0	97.0	4	0.5	0.0	0.0
56.0	79.0	4	0.5	0.0	0.0
23.0	98.0	4	0.5	0.0	0.0
10.0	43.0	4	0.5	0.0	0.0
68.0	92.0	4	0.5	0.0	0.0
10.0	22.0	4	0.5	0.0	0.0
10.0	21.0	4	0.5	0.0	0.0
14.0	51.0	4	0.5	0.0	0.0
14.0	36.0	4	0.5	0.0	0.0
70.0	79.0	4	0.5	0.0	0.0
73.0	98.0	4	0.5	0.0	0.0
21.0	70.0	4	0.5	0.0	0.0
36.0	56.0	4	0.5	0.0	0.0
36.0	51.0	4	0.5	0.0	0.0
27.0	97.0	4	0.5	0.0	0.0
14.0	101.0	4	0.5	0.0	0.0
53.0	97.0	4	0.5	0.0	0.0
22.0	77.0	4	0.5	0.0	0.0
53.0	70.0	4	0.5	0.0	0.0
54.0	98.0	4	0.5	0.0	0.0
5.0	14.0	3	0.375	8.0	1.0
86.0	100.0	3	0.375	8.0	1.0
39.0	97.0	3	0.375	8.0	1.0
43.0	98.0	3	0.375	8.0	1.0
47.0	98.0	3	0.375	8.0	1.0
20.0	51.0	3	0.375	8.0	1.0
10.0	56.0	3	0.375	8.0	1.0
78.0	101.0	3	0.375	7.0	0.875
7.0	63.0	3	0.375	6.0	0.75
19.0	81.0	3	0.375	6.0	0.75
47.0	102.0	3	0.375	6.0	0.75
28.0	34.0	3	0.375	5.0	0.625
72.0	89.0	3	0.375	4.0	0.5
85.0	104.0	3	0.375	2.0	0.25
71.0	89.0	3	0.375	1.0	0.125
27.0	70.0	3	0.375	0.0	0.0
36.0	53.0	3	0.375	0.0	0.0
27.0	36.0	3	0.375	0.0	0.0
40.0	56.0	3	0.375	0.0	0.0
5.0	97.0	3	0.375	0.0	0.0
25.0	98.0	3	0.375	0.0	0.0
36.0	79.0	3	0.375	0.0	0.0
27.0	40.0	3	0.375	0.0	0.0
5.0	22.0	3	0.375	0.0	0.0
27.0	43.0	3	0.375	0.0	0.0
27.0	51.0	3	0.375	0.0	0.0
77.0	101.0	3	0.375	0.0	0.0
27.0	54.0	3	0.375	0.0	0.0
5.0	43.0	3	0.375	0.0	0.0
43.0	78.0	3	0.375	0.0	0.0
27.0	78.0	3	0.375	0.0	0.0
77.0	97.0	3	0.375	0.0	0.0
43.0	77.0	3	0.375	0.0	0.0
73.0	78.0	3	0.375	0.0	0.0
40.0	79.0	3	0.375	0.0	0.0
22.0	56.0	3	0.375	0.0	0.0
15.0	54.0	3	0.375	0.0	0.0
54.0	100.0	3	0.375	0.0	0.0
14.0	56.0	3	0.375	0.0	0.0
22.0	79.0	3	0.375	0.0	0.0
14.0	70.0	3	0.375	0.0	0.0
22.0	70.0	3	0.375	0.0	0.0
22.0	58.0	3	0.375	0.0	0.0
14.0	98.0	3	0.375	0.0	0.0
54.0	92.0	3	0.375	0.0	0.0
23.0	53.0	3	0.375	0.0	0.0
22.0	27.0	3	0.375	0.0	0.0
36.0	97.0	3	0.375	0.0	0.0
21.0	77.0	3	0.375	0.0	0.0
21.0	56.0	3	0.375	0.0	0.0
21.0	27.0	3	0.375	0.0	0.0
21.0	53.0	3	0.375	0.0	0.0
14.0	27.0	3	0.375	0.0	0.0
21.0	78.0	3	0.375	0.0	0.0
51.0	79.0	3	0.375	0.0	0.0
25.0	53.0	3	0.375	0.0	0.0
56.0	101.0	3	0.375	0.0	0.0
10.0	51.0	3	0.375	0.0	0.0
10.0	98.0	3	0.375	0.0	0.0
56.0	98.0	3	0.375	0.0	0.0
10.0	36.0	3	0.375	0.0	0.0
51.0	56.0	3	0.375	0.0	0.0
86.0	104.0	2	0.25	8.0	1.0
70.0	75.0	2	0.25	8.0	1.0
76.0	97.0	2	0.25	8.0	1.0
1.0	44.0	2	0.25	8.0	1.0
5.0	56.0	2	0.25	8.0	1.0
36.0	76.0	2	0.25	8.0	1.0
40.0	76.0	2	0.25	6.0	0.75
7.0	62.0	2	0.25	6.0	0.75
36.0	92.0	2	0.25	4.0	0.5
17.0	81.0	2	0.25	2.0	0.25
35.0	91.0	2	0.25	2.0	0.25
4.0	55.0	2	0.25	2.0	0.25
54.0	88.0	2	0.25	0.0	0.0
53.0	101.0	2	0.25	0.0	0.0
54.0	84.0	2	0.25	0.0	0.0
79.0	88.0	2	0.25	0.0	0.0
79.0	101.0	2	0.25	0.0	0.0
79.0	98.0	2	0.25	0.0	0.0
68.0	88.0	2	0.25	0.0	0.0
58.0	78.0	2	0.25	0.0	0.0
58.0	98.0	2	0.25	0.0	0.0
39.0	73.0	2	0.25	0.0	0.0
68.0	74.0	2	0.25	0.0	0.0
39.0	54.0	2	0.25	0.0	0.0
40.0	58.0	2	0.25	0.0	0.0
40.0	70.0	2	0.25	0.0	0.0
73.0	94.0	2	0.25	0.0	0.0
55.0	68.0	2	0.25	0.0	0.0
70.0	97.0	2	0.25	0.0	0.0
70.0	98.0	2	0.25	0.0	0.0
55.0	73.0	2	0.25	0.0	0.0
56.0	70.0	2	0.25	0.0	0.0
70.0	101.0	2	0.25	0.0	0.0
53.0	79.0	2	0.25	0.0	0.0
77.0	98.0	2	0.25	0.0	0.0
54.0	94.0	2	0.25	0.0	0.0
40.0	98.0	2	0.25	0.0	0.0
51.0	58.0	2	0.25	0.0	0.0
40.0	78.0	2	0.25	0.0	0.0
40.0	77.0	2	0.25	0.0	0.0
43.0	76.0	2	0.25	0.0	0.0
47.0	54.0	2	0.25	0.0	0.0
5.0	40.0	2	0.25	0.0	0.0
2.0	56.0	2	0.25	0.0	0.0
26.0	54.0	2	0.25	0.0	0.0
5.0	79.0	2	0.25	0.0	0.0
30.0	54.0	2	0.25	0.0	0.0
22.0	55.0	2	0.25	0.0	0.0
27.0	101.0	2	0.25	0.0	0.0
25.0	78.0	2	0.25	0.0	0.0
33.0	54.0	2	0.25	0.0	0.0
2.0	68.0	2	0.25	0.0	0.0
27.0	77.0	2	0.25	0.0	0.0
27.0	76.0	2	0.25	0.0	0.0
27.0	56.0	2	0.25	0.0	0.0
27.0	55.0	2	0.25	0.0	0.0
8.0	37.0	2	0.25	0.0	0.0
21.0	58.0	2	0.25	0.0	0.0
5.0	58.0	2	0.25	0.0	0.0
14.0	53.0	2	0.25	0.0	0.0
10.0	55.0	2	0.25	0.0	0.0
5.0	21.0	2	0.25	0.0	0.0
10.0	77.0	2	0.25	0.0	0.0
36.0	78.0	2	0.25	0.0	0.0
36.0	77.0	2	0.25	0.0	0.0
36.0	70.0	2	0.25	0.0	0.0
2.0	27.0	2	0.25	0.0	0.0
10.0	58.0	2	0.25	0.0	0.0
10.0	40.0	2	0.25	0.0	0.0
2.0	23.0	2	0.25	0.0	0.0
10.0	27.0	2	0.25	0.0	0.0
21.0	98.0	2	0.25	0.0	0.0
7.0	64.0	1	0.125	8.0	1.0
10.0	15.0	1	0.125	8.0	1.0
2.0	41.0	1	0.125	8.0	1.0
80.0	85.0	1	0.125	8.0	1.0
2.0	53.0	1	0.125	8.0	1.0
3.0	52.0	1	0.125	8.0	1.0
56.0	64.0	1	0.125	8.0	1.0
25.0	64.0	1	0.125	8.0	1.0
30.0	74.0	1	0.125	8.0	1.0
37.0	55.0	1	0.125	8.0	1.0
33.0	73.0	1	0.125	8.0	1.0
22.0	76.0	1	0.125	8.0	1.0
58.0	65.0	1	0.125	7.0	0.875
10.0	25.0	1	0.125	7.0	0.875
87.0	100.0	1	0.125	7.0	0.875
5.0	10.0	1	0.125	7.0	0.875
36.0	91.0	1	0.125	7.0	0.875
40.0	55.0	1	0.125	7.0	0.875
78.0	86.0	1	0.125	6.0	0.75
32.0	91.0	1	0.125	6.0	0.75
2.0	40.0	1	0.125	5.0	0.625
75.0	87.0	1	0.125	5.0	0.625
25.0	75.0	1	0.125	5.0	0.625
29.0	34.0	1	0.125	2.0	0.25
65.0	71.0	1	0.125	1.0	0.125
28.0	60.0	1	0.125	1.0	0.125
27.0	33.0	1	0.125	1.0	0.125
68.0	75.0	1	0.125	0.0	0.0
5.0	101.0	1	0.125	0.0	0.0
5.0	98.0	1	0.125	0.0	0.0
5.0	53.0	1	0.125	0.0	0.0
5.0	51.0	1	0.125	0.0	0.0
5.0	77.0	1	0.125	0.0	0.0
36.0	98.0	1	0.125	0.0	0.0
67.0	103.0	1	0.125	0.0	0.0
58.0	76.0	1	0.125	0.0	0.0
10.0	78.0	1	0.125	0.0	0.0
56.0	77.0	1	0.125	0.0	0.0
56.0	78.0	1	0.125	0.0	0.0
8.0	96.0	1	0.125	0.0	0.0
67.0	83.0	1	0.125	0.0	0.0
8.0	89.0	1	0.125	0.0	0.0
8.0	65.0	1	0.125	0.0	0.0
8.0	49.0	1	0.125	0.0	0.0
60.0	95.0	1	0.125	0.0	0.0
5.0	36.0	1	0.125	0.0	0.0
62.0	69.0	1	0.125	0.0	0.0
72.0	85.0	1	0.125	0.0	0.0
5.0	25.0	1	0.125	0.0	0.0
70.0	76.0	1	0.125	0.0	0.0
2.0	43.0	1	0.125	0.0	0.0
78.0	97.0	1	0.125	0.0	0.0
78.0	98.0	1	0.125	0.0	0.0
2.0	36.0	1	0.125	0.0	0.0
79.0	94.0	1	0.125	0.0	0.0
2.0	25.0	1	0.125	0.0	0.0
84.0	98.0	1	0.125	0.0	0.0
85.0	90.0	1	0.125	0.0	0.0
2.0	22.0	1	0.125	0.0	0.0
2.0	14.0	1	0.125	0.0	0.0
2.0	10.0	1	0.125	0.0	0.0
88.0	96.0	1	0.125	0.0	0.0
2.0	51.0	1	0.125	0.0	0.0
76.0	101.0	1	0.125	0.0	0.0
2.0	101.0	1	0.125	0.0	0.0
3.0	73.0	1	0.125	0.0	0.0
3.0	68.0	1	0.125	0.0	0.0
71.0	83.0	1	0.125	0.0	0.0
71.0	87.0	1	0.125	0.0	0.0
11.0	86.0	1	0.125	0.0	0.0
2.0	98.0	1	0.125	0.0	0.0
2.0	97.0	1	0.125	0.0	0.0
73.0	84.0	1	0.125	0.0	0.0
2.0	90.0	1	0.125	0.0	0.0
2.0	79.0	1	0.125	0.0	0.0
2.0	73.0	1	0.125	0.0	0.0
73.0	100.0	1	0.125	0.0	0.0
2.0	69.0	1	0.125	0.0	0.0
11.0	83.0	1	0.125	0.0	0.0
12.0	93.0	1	0.125	0.0	0.0
27.0	98.0	1	0.125	0.0	0.0
27.0	94.0	1	0.125	0.0	0.0
27.0	88.0	1	0.125	0.0	0.0
43.0	88.0	1	0.125	0.0	0.0
27.0	47.0	1	0.125	0.0	0.0
27.0	39.0	1	0.125	0.0	0.0
25.0	84.0	1	0.125	0.0	0.0
47.0	53.0	1	0.125	0.0	0.0
47.0	55.0	1	0.125	0.0	0.0
47.0	70.0	1	0.125	0.0	0.0
25.0	55.0	1	0.125	0.0	0.0
48.0	95.0	1	0.125	0.0	0.0
49.0	67.0	1	0.125	0.0	0.0
43.0	55.0	1	0.125	0.0	0.0
29.0	68.0	1	0.125	0.0	0.0
55.0	101.0	1	0.125	0.0	0.0
39.0	56.0	1	0.125	0.0	0.0
39.0	58.0	1	0.125	0.0	0.0
36.0	58.0	1	0.125	0.0	0.0
36.0	55.0	1	0.125	0.0	0.0
35.0	86.0	1	0.125	0.0	0.0
35.0	72.0	1	0.125	0.0	0.0
34.0	68.0	1	0.125	0.0	0.0
34.0	50.0	1	0.125	0.0	0.0
33.0	51.0	1	0.125	0.0	0.0
31.0	66.0	1	0.125	0.0	0.0
31.0	49.0	1	0.125	0.0	0.0
41.0	69.0	1	0.125	0.0	0.0
49.0	72.0	1	0.125	0.0	0.0
25.0	47.0	1	0.125	0.0	0.0
25.0	33.0	1	0.125	0.0	0.0
24.0	68.0	1	0.125	0.0	0.0
19.0	63.0	1	0.125	0.0	0.0
19.0	50.0	1	0.125	0.0	0.0
19.0	41.0	1	0.125	0.0	0.0
18.0	44.0	1	0.125	0.0	0.0
16.0	50.0	1	0.125	0.0	0.0
14.0	78.0	1	0.125	0.0	0.0
14.0	77.0	1	0.125	0.0	0.0
14.0	58.0	1	0.125	0.0	0.0
14.0	55.0	1	0.125	0.0	0.0
36.0	94.0	1	0.125	0.0	0.0
55.0	70.0	1	0.125	0.0	0.0
12.0	41.0	1	0.125	0.0	0.0
55.0	77.0	1	0.125	0.0	0.0
55.0	78.0	1	0.125	0.0	0.0
55.0	97.0	1	0.125	0.0	0.0
55.0	98.0	1	0.125	0.0	0.0
55.0	100.0	1	0.125	0.0	0.0
19.0	86.0	1	0.125	0.0	0.0
54.0	74.0	1	0.125	0.0	0.0
21.0	55.0	1	0.125	0.0	0.0
23.0	33.0	1	0.125	0.0	0.0
24.0	54.0	1	0.125	0.0	0.0
23.0	100.0	1	0.125	0.0	0.0
23.0	78.0	1	0.125	0.0	0.0
23.0	76.0	1	0.125	0.0	0.0
23.0	55.0	1	0.125	0.0	0.0
23.0	47.0	1	0.125	0.0	0.0
51.0	98.0	1	0.125	0.0	0.0
52.0	72.0	1	0.125	0.0	0.0
21.0	100.0	1	0.125	0.0	0.0
53.0	58.0	1	0.125	0.0	0.0
22.0	98.0	1	0.125	0.0	0.0
22.0	94.0	1	0.125	0.0	0.0
53.0	78.0	1	0.125	0.0	0.0
22.0	47.0	1	0.125	0.0	0.0
53.0	98.0	1	0.125	0.0	0.0
93.0	103.0	1	0.125	0.0	0.0
